produit_nom,stock_actuel,seuil_reapprovisionnement,fournisseur_nom,email_contact
LED Panel 60W,-25,8,FastParts LLC,orders@fastparts.com
Gadget B,-22,10,TechParts Co.,sales@techparts.com
Aluminium Frame,-17,5,TechParts Co.,sales@techparts.com
USB-C Cable 2m,-15,25,Global Supplies,orders@globalsupplies.com
Mounting Bracket,-6,10,Global Supplies,orders@globalsupplies.com
Power Supply 500W,-5,6,FastParts LLC,orders@fastparts.com
Thermal Paste,2,30,EcoSupply,contact@ecosupply.com
Sensor Pro X,5,12,Metro Wholesale,sales@metrowholesale.com
Widget A,10,15,Global Supplies,orders@globalsupplies.com
